{
  "analysis_date": "2024-09-28",
  "total_type1_pdfs": 77,
  "categorization": {
    "high_quality": {
      "count": 53,
      "ac_numbers": [
        15,
        26,
        28,
        29,
        36,
        37,
        41,
        55,
        58,
        60,
        63,
        65,
        77,
        78,
        80,
        83,
        84,
        85,
        86,
        87,
        88,
        89,
        90,
        91,
        102,
        107,
        111,
        120,
        122,
        125,
        159,
        165,
        170,
        172,
        190,
        196,
        207,
        213,
        216,
        217,
        218,
        219,
        220,
        221,
        222,
        223,
        224,
        225,
        226,
        227,
        229,
        253,
        273
      ],
      "average_score": 0.8532494758909853
    },
    "medium_quality": {
      "count": 4,
      "ac_numbers": [
        169,
        186,
        228,
        230
      ],
      "average_score": 0.6944444444444444
    },
    "low_quality": {
      "count": 20,
      "ac_numbers": [
        27,
        30,
        35,
        39,
        49,
        52,
        62,
        79,
        104,
        121,
        154,
        162,
        168,
        178,
        191,
        215,
        243,
        265,
        272,
        281
      ],
      "average_score": 0.3111111111111111
    }
  },
  "success_metrics": {
    "overall_success_rate": 74.02597402597402,
    "high_quality_rate": 68.83116883116884,
    "immediate_usability_rate": 68.83116883116884
  }
}